{
    "ECG5000 (Cardio)": {
        "fractions": [
            0.01,
            0.05,
            0.1,
            1.0
        ],
        "lejepa_accuracy": [
            0.933,
            0.982,
            0.983,
            0.989
        ],
        "baseline_accuracy": [
            0.952,
            0.987,
            0.993,
            0.992
        ],
        "training_loss": [
            0.02821290933136498,
            0.016348701391008594,
            0.013134025262608644,
            0.012128637773135015,
            0.010397492089278756,
            0.010292545862255557,
            0.009962489738339377,
            0.009204290852311158,
            0.00902526690474441,
            0.008463993818769533,
            0.008239934806742014,
            0.007864884326174375,
            0.007691729678622176,
            0.008006141783909933,
            0.007509018707599851,
            0.007215675852832294,
            0.0074339066256558705,
            0.0072348823004792775,
            0.007016519415042092,
            0.007271126205582292,
            0.007042240343927857,
            0.007164818279805684,
            0.006957017636347202,
            0.006945427447076767,
            0.006824404249087938,
            0.0066291402589770095,
            0.006494004887739016,
            0.006595631175103688,
            0.00639653742133129,
            0.006419913790699455
        ]
    },
    "FordA (Industrial)": {
        "fractions": [
            0.01,
            0.05,
            0.1,
            1.0
        ],
        "lejepa_accuracy": [
            0.8883248730964467,
            0.9045685279187817,
            0.9086294416243654,
            0.9360406091370559
        ],
        "baseline_accuracy": [
            0.5035532994923858,
            0.4730964467005076,
            0.4883248730964467,
            0.4954314720812183
        ],
        "training_loss": [
            0.03355201150550217,
            0.0178107300040419,
            0.014594929827163454,
            0.012749836306835785,
            0.012516595087334758,
            0.012391870322286105,
            0.011042808373382345,
            0.010800903968390872,
            0.010468623127605095,
            0.009443690389639041,
            0.009549190481117025,
            0.008925123964665367,
            0.008655651808395738,
            0.008848725772294843,
            0.008876506804076374,
            0.008713561331578454,
            0.008714107911056672,
            0.008253569897936016,
            0.008000808622932336,
            0.008044261989168456,
            0.007748022393063932,
            0.007636528614847387,
            0.00735949220319019,
            0.007323832144258452,
            0.007250724658064666,
            0.007167261399206568,
            0.007292539675216206,
            0.0073827845349785735,
            0.007203671913288656,
            0.007082742051084022
        ]
    }
}